start	end	text
0	3000	Thank you for calling Martha's Flowers, town assistee.
3000	7000	Hello, I'd like to order flowers, and I think you have what I'm looking for.
7000	11000	I'd be happy to take care of your order. May I have your name, please?
11000	12000	Randall Thomas.
12000	15000	Randall Thomas, can you spell that for me?
15000	22000	Randall, R-A-N-B-A-L-L, Thomas, D-H-O-M-A-N.
22000	27000	Thank you for that information, Randall. May I have your home or office number or area code first?
27000	34000	Area code 409, then 866-5088.
34000	41000	That's 409-866-5088. Do you have a fax number or email address?
41000	47000	My email is Randall.Thomas at gmail.com.
47000	52000	Randall.Thomas at gmail.com. May I have your shipping address?
52000	61000	6800 Gladys Avenue, Beaumont, Texas, zip code 77706.
61000	68000	Gladys Avenue, Beaumont, Texas, zip code 77706. Thank you for the information.
68000	71000	What products are you interested in purchasing?
71000	74000	Red roses, probably a dozen.
74000	77000	One dozen of red roses? Do you want long stems?
77000	78000	Sure.
78000	82000	Alright, Randall, let me process your order. One moment please.
82000	85000	Okay.
85000	91000	Randall, you're ordering one dozen long stem red roses. The total amount of your order is $40.
91000	94000	And it will be shipped to your address within 24 hours.
94000	97000	How soon can you deliver my roses again?
97000	99000	Within 24 hours.
99000	100000	Okay, no problem.
100000	102000	Is there anything else I can help you with?
102000	104000	That's all for now, thanks.
104000	108000	No problem, Randall. Thank you for calling Martha's Florist. Have a nice day.
