{"text": " Thank you for calling Martha's Flowers, town assistee. Hello, I'd like to order flowers, and I think you have what I'm looking for. I'd be happy to take care of your order. May I have your name, please? Randall Thomas. Randall Thomas, can you spell that for me? Randall, R-A-N-B-A-L-L, Thomas, D-H-O-M-A-N. Thank you for that information, Randall. May I have your home or office number or area code first? Area code 409, then 866-5088. That's 409-866-5088. Do you have a fax number or email address? My email is Randall.Thomas at gmail.com. Randall.Thomas at gmail.com. May I have your shipping address? 6800 Gladys Avenue, Beaumont, Texas, zip code 77706. Gladys Avenue, Beaumont, Texas, zip code 77706. Thank you for the information. What products are you interested in purchasing? Red roses, probably a dozen. One dozen of red roses? Do you want long stems? Sure. Alright, Randall, let me process your order. One moment please. Okay. Randall, you're ordering one dozen long stem red roses. The total amount of your order is $40. And it will be shipped to your address within 24 hours. How soon can you deliver my roses again? Within 24 hours. Okay, no problem. Is there anything else I can help you with? That's all for now, thanks. No problem, Randall. Thank you for calling Martha's Florist. Have a nice day.", "segments": [{"id": 0, "seek": 0, "start": 0.0, "end": 3.0, "text": " Thank you for calling Martha's Flowers, town assistee.", "tokens": [50364, 1044, 291, 337, 5141, 27787, 311, 48194, 11, 3954, 4255, 1653, 13, 50514], "temperature": 0.0, "avg_logprob": -0.14916480735496238, "compression_ratio": 1.639676113360324, "no_speech_prob": 0.6648316383361816}, {"id": 1, "seek": 0, "start": 3.0, "end": 7.0, "text": " Hello, I'd like to order flowers, and I think you have what I'm looking for.", "tokens": [50514, 2425, 11, 286, 1116, 411, 281, 1668, 8085, 11, 293, 286, 519, 291, 362, 437, 286, 478, 1237, 337, 13, 50714], "temperature": 0.0, "avg_logprob": -0.14916480735496238, "compression_ratio": 1.639676113360324, "no_speech_prob": 0.6648316383361816}, {"id": 2, "seek": 0, "start": 7.0, "end": 11.0, "text": " I'd be happy to take care of your order. May I have your name, please?", "tokens": [50714, 286, 1116, 312, 2055, 281, 747, 1127, 295, 428, 1668, 13, 1891, 286, 362, 428, 1315, 11, 1767, 30, 50914], "temperature": 0.0, "avg_logprob": -0.14916480735496238, "compression_ratio": 1.639676113360324, "no_speech_prob": 0.6648316383361816}, {"id": 3, "seek": 0, "start": 11.0, "end": 12.0, "text": " Randall Thomas.", "tokens": [50914, 23614, 336, 8500, 13, 50964], "temperature": 0.0, "avg_logprob": -0.14916480735496238, "compression_ratio": 1.639676113360324, "no_speech_prob": 0.6648316383361816}, {"id": 4, "seek": 0, "start": 12.0, "end": 15.0, "text": " Randall Thomas, can you spell that for me?", "tokens": [50964, 23614, 336, 8500, 11, 393, 291, 9827, 300, 337, 385, 30, 51114], "temperature": 0.0, "avg_logprob": -0.14916480735496238, "compression_ratio": 1.639676113360324, "no_speech_prob": 0.6648316383361816}, {"id": 5, "seek": 0, "start": 15.0, "end": 22.0, "text": " Randall, R-A-N-B-A-L-L, Thomas, D-H-O-M-A-N.", "tokens": [51114, 23614, 336, 11, 497, 12, 32, 12, 45, 12, 33, 12, 32, 12, 43, 12, 43, 11, 8500, 11, 413, 12, 39, 12, 46, 12, 44, 12, 32, 12, 45, 13, 51464], "temperature": 0.0, "avg_logprob": -0.14916480735496238, "compression_ratio": 1.639676113360324, "no_speech_prob": 0.6648316383361816}, {"id": 6, "seek": 0, "start": 22.0, "end": 27.0, "text": " Thank you for that information, Randall. May I have your home or office number or area code first?", "tokens": [51464, 1044, 291, 337, 300, 1589, 11, 23614, 336, 13, 1891, 286, 362, 428, 1280, 420, 3398, 1230, 420, 1859, 3089, 700, 30, 51714], "temperature": 0.0, "avg_logprob": -0.14916480735496238, "compression_ratio": 1.639676113360324, "no_speech_prob": 0.6648316383361816}, {"id": 7, "seek": 2700, "start": 27.0, "end": 34.0, "text": " Area code 409, then 866-5088.", "tokens": [50364, 19405, 3089, 3356, 24, 11, 550, 1649, 15237, 12, 2803, 16919, 13, 50714], "temperature": 0.0, "avg_logprob": -0.10848268709684673, "compression_ratio": 1.437956204379562, "no_speech_prob": 0.1725081503391266}, {"id": 8, "seek": 2700, "start": 34.0, "end": 41.0, "text": " That's 409-866-5088. Do you have a fax number or email address?", "tokens": [50714, 663, 311, 3356, 24, 12, 23, 15237, 12, 2803, 16919, 13, 1144, 291, 362, 257, 2050, 87, 1230, 420, 3796, 2985, 30, 51064], "temperature": 0.0, "avg_logprob": -0.10848268709684673, "compression_ratio": 1.437956204379562, "no_speech_prob": 0.1725081503391266}, {"id": 9, "seek": 2700, "start": 41.0, "end": 47.0, "text": " My email is Randall.Thomas at gmail.com.", "tokens": [51064, 1222, 3796, 307, 23614, 336, 13, 2434, 7092, 412, 290, 11799, 13, 1112, 13, 51364], "temperature": 0.0, "avg_logprob": -0.10848268709684673, "compression_ratio": 1.437956204379562, "no_speech_prob": 0.1725081503391266}, {"id": 10, "seek": 2700, "start": 47.0, "end": 52.0, "text": " Randall.Thomas at gmail.com. May I have your shipping address?", "tokens": [51364, 23614, 336, 13, 2434, 7092, 412, 290, 11799, 13, 1112, 13, 1891, 286, 362, 428, 14122, 2985, 30, 51614], "temperature": 0.0, "avg_logprob": -0.10848268709684673, "compression_ratio": 1.437956204379562, "no_speech_prob": 0.1725081503391266}, {"id": 11, "seek": 5200, "start": 52.0, "end": 61.0, "text": " 6800 Gladys Avenue, Beaumont, Texas, zip code 77706.", "tokens": [50364, 1386, 14423, 28301, 749, 22454, 11, 45786, 449, 896, 11, 7885, 11, 20730, 3089, 25546, 5867, 21, 13, 50814], "temperature": 0.0, "avg_logprob": -0.13531900888465972, "compression_ratio": 1.5502958579881656, "no_speech_prob": 0.4061223268508911}, {"id": 12, "seek": 5200, "start": 61.0, "end": 68.0, "text": " Gladys Avenue, Beaumont, Texas, zip code 77706. Thank you for the information.", "tokens": [50814, 28301, 749, 22454, 11, 45786, 449, 896, 11, 7885, 11, 20730, 3089, 25546, 5867, 21, 13, 1044, 291, 337, 264, 1589, 13, 51164], "temperature": 0.0, "avg_logprob": -0.13531900888465972, "compression_ratio": 1.5502958579881656, "no_speech_prob": 0.4061223268508911}, {"id": 13, "seek": 5200, "start": 68.0, "end": 71.0, "text": " What products are you interested in purchasing?", "tokens": [51164, 708, 3383, 366, 291, 3102, 294, 20906, 30, 51314], "temperature": 0.0, "avg_logprob": -0.13531900888465972, "compression_ratio": 1.5502958579881656, "no_speech_prob": 0.4061223268508911}, {"id": 14, "seek": 5200, "start": 71.0, "end": 74.0, "text": " Red roses, probably a dozen.", "tokens": [51314, 4477, 28620, 11, 1391, 257, 16654, 13, 51464], "temperature": 0.0, "avg_logprob": -0.13531900888465972, "compression_ratio": 1.5502958579881656, "no_speech_prob": 0.4061223268508911}, {"id": 15, "seek": 5200, "start": 74.0, "end": 77.0, "text": " One dozen of red roses? Do you want long stems?", "tokens": [51464, 1485, 16654, 295, 2182, 28620, 30, 1144, 291, 528, 938, 27600, 30, 51614], "temperature": 0.0, "avg_logprob": -0.13531900888465972, "compression_ratio": 1.5502958579881656, "no_speech_prob": 0.4061223268508911}, {"id": 16, "seek": 5200, "start": 77.0, "end": 78.0, "text": " Sure.", "tokens": [51614, 4894, 13, 51664], "temperature": 0.0, "avg_logprob": -0.13531900888465972, "compression_ratio": 1.5502958579881656, "no_speech_prob": 0.4061223268508911}, {"id": 17, "seek": 7800, "start": 78.0, "end": 82.0, "text": " Alright, Randall, let me process your order. One moment please.", "tokens": [50364, 2798, 11, 23614, 336, 11, 718, 385, 1399, 428, 1668, 13, 1485, 1623, 1767, 13, 50564], "temperature": 0.0, "avg_logprob": -0.12434092274418583, "compression_ratio": 1.5397489539748954, "no_speech_prob": 0.35017868876457214}, {"id": 18, "seek": 7800, "start": 82.0, "end": 85.0, "text": " Okay.", "tokens": [50564, 1033, 13, 50714], "temperature": 0.0, "avg_logprob": -0.12434092274418583, "compression_ratio": 1.5397489539748954, "no_speech_prob": 0.35017868876457214}, {"id": 19, "seek": 7800, "start": 85.0, "end": 91.0, "text": " Randall, you're ordering one dozen long stem red roses. The total amount of your order is $40.", "tokens": [50714, 23614, 336, 11, 291, 434, 21739, 472, 16654, 938, 12312, 2182, 28620, 13, 440, 3217, 2372, 295, 428, 1668, 307, 1848, 5254, 13, 51014], "temperature": 0.0, "avg_logprob": -0.12434092274418583, "compression_ratio": 1.5397489539748954, "no_speech_prob": 0.35017868876457214}, {"id": 20, "seek": 7800, "start": 91.0, "end": 94.0, "text": " And it will be shipped to your address within 24 hours.", "tokens": [51014, 400, 309, 486, 312, 25312, 281, 428, 2985, 1951, 4022, 2496, 13, 51164], "temperature": 0.0, "avg_logprob": -0.12434092274418583, "compression_ratio": 1.5397489539748954, "no_speech_prob": 0.35017868876457214}, {"id": 21, "seek": 7800, "start": 94.0, "end": 97.0, "text": " How soon can you deliver my roses again?", "tokens": [51164, 1012, 2321, 393, 291, 4239, 452, 28620, 797, 30, 51314], "temperature": 0.0, "avg_logprob": -0.12434092274418583, "compression_ratio": 1.5397489539748954, "no_speech_prob": 0.35017868876457214}, {"id": 22, "seek": 7800, "start": 97.0, "end": 99.0, "text": " Within 24 hours.", "tokens": [51314, 15996, 4022, 2496, 13, 51414], "temperature": 0.0, "avg_logprob": -0.12434092274418583, "compression_ratio": 1.5397489539748954, "no_speech_prob": 0.35017868876457214}, {"id": 23, "seek": 7800, "start": 99.0, "end": 100.0, "text": " Okay, no problem.", "tokens": [51414, 1033, 11, 572, 1154, 13, 51464], "temperature": 0.0, "avg_logprob": -0.12434092274418583, "compression_ratio": 1.5397489539748954, "no_speech_prob": 0.35017868876457214}, {"id": 24, "seek": 7800, "start": 100.0, "end": 102.0, "text": " Is there anything else I can help you with?", "tokens": [51464, 1119, 456, 1340, 1646, 286, 393, 854, 291, 365, 30, 51564], "temperature": 0.0, "avg_logprob": -0.12434092274418583, "compression_ratio": 1.5397489539748954, "no_speech_prob": 0.35017868876457214}, {"id": 25, "seek": 7800, "start": 102.0, "end": 104.0, "text": " That's all for now, thanks.", "tokens": [51564, 663, 311, 439, 337, 586, 11, 3231, 13, 51664], "temperature": 0.0, "avg_logprob": -0.12434092274418583, "compression_ratio": 1.5397489539748954, "no_speech_prob": 0.35017868876457214}, {"id": 26, "seek": 10400, "start": 104.0, "end": 108.0, "text": " No problem, Randall. Thank you for calling Martha's Florist. Have a nice day.", "tokens": [50364, 883, 1154, 11, 23614, 336, 13, 1044, 291, 337, 5141, 27787, 311, 8328, 468, 13, 3560, 257, 1481, 786, 13, 50564], "temperature": 0.0, "avg_logprob": -0.1420158510622771, "compression_ratio": 0.9390243902439024, "no_speech_prob": 0.44669631123542786}], "language": "en"}