start	end	text
788	2449	Thank you for calling Martha's flowers.
2449	3370	Tell them to assist you.
3370	7813	Hello, I'd like to order flowers, and I think you have what I'm looking for.
7813	9414	I'd be happy to take care of your order.
9414	11175	May I have your name, please?
11175	12636	Randall Thomas.
12636	15598	Randall Thomas, can you spell that for me?
15598	22802	Randall, R-A-N-D-A-L-L, Thomas, D-H-O-M-A-N.
22802	24403	Thank you for that information, Randall.
24403	27485	May I have your home or office number area code first?
27485	28586	Area code 409, then five.
33590	34370	866-8088.
34370	35731	That's 409-866-5088.
35731	41194	Do you have a fax number or email address?
41194	47038	My email is randall.thomasatgmail.com.
47038	50140	Randall.thomasatgmail.com.
50140	52961	May have your shipping address?
52961	53382	6800.
53382	54402	Okay.
54402	58205	Gladys Avenue, Salmon, Texas.
58205	58785	Lift coded.
60992	66877	7706 Gladys Avenue Beaumont, Texas zip code 7706.
66877	68478	Thank you for the information.
68478	71261	What products were you interested in purchasing?
71261	74103	Red roses, probably a dozen.
74103	76966	One dozen of red roses, do you want long stems?
76966	77787	Sure.
77787	80249	Alright, Randall, let me process the order.
80249	82591	One moment please.
82591	82831	Okay.
85172	93760	Randomly you're ordering one dozen long-stent red roses, the total amount of your order is $40, and it will be shipped to your address within 24 hours.
93760	96943	I will soon be delivering my roses again.
96943	98124	Within 24 hours.
98124	100286	Okay, no problem.
100286	102788	Is there anything else I can help you with?
102788	104430	That's all for now, thanks.
104430	105471	No problem, Randall.
105471	107052	Thank you for calling Martha's Floor.
107052	107733	Have a nice day.
