{"segments": [{"start": 0.788, "end": 2.449, "text": " Thank you for calling Martha's flowers.", "words": [{"word": "Thank", "start": 0.788, "end": 0.908, "score": 0.639}, {"word": "you", "start": 0.928, "end": 1.028, "score": 0.419}, {"word": "for", "start": 1.048, "end": 1.148, "score": 0.506}, {"word": "calling", "start": 1.168, "end": 1.448, "score": 0.918}, {"word": "Martha's", "start": 1.488, "end": 1.869, "score": 0.781}, {"word": "flowers.", "start": 1.949, "end": 2.369, "score": 0.729}]}, {"start": 2.449, "end": 3.37, "text": "Tell them to assist you.", "words": [{"word": "Tell", "start": 2.449, "end": 2.689, "score": 0.393}, {"word": "them", "start": 2.709, "end": 2.889, "score": 0.227}, {"word": "to", "start": 2.909, "end": 2.969, "score": 0.294}, {"word": "assist", "start": 2.989, "end": 3.19, "score": 0.496}, {"word": "you.", "start": 3.25, "end": 3.35, "score": 0.344}]}, {"start": 3.37, "end": 7.813, "text": "Hello, I'd like to order flowers, and I think you have what I'm looking for.", "words": [{"word": "Hello,", "start": 3.37, "end": 4.03, "score": 0.62}, {"word": "I'd", "start": 4.07, "end": 4.19, "score": 0.671}, {"word": "like", "start": 4.25, "end": 4.47, "score": 0.89}, {"word": "to", "start": 4.49, "end": 4.53, "score": 0.321}, {"word": "order", "start": 4.691, "end": 4.951, "score": 0.818}, {"word": "flowers,", "start": 5.011, "end": 5.551, "score": 0.785}, {"word": "and", "start": 5.631, "end": 5.711, "score": 0.753}, {"word": "I", "start": 5.771, "end": 5.831, "score": 0.97}, {"word": "think", "start": 5.891, "end": 6.071, "score": 0.698}, {"word": "you", "start": 6.091, "end": 6.212, "score": 0.875}, {"word": "have", "start": 6.252, "end": 6.372, "score": 0.956}, {"word": "what", "start": 6.412, "end": 6.572, "score": 0.822}, {"word": "I'm", "start": 6.612, "end": 6.712, "score": 0.613}, {"word": "looking", "start": 6.732, "end": 7.012, "score": 0.89}, {"word": "for.", "start": 7.032, "end": 7.212, "score": 0.722}]}, {"start": 7.813, "end": 9.414, "text": "I'd be happy to take care of your order.", "words": [{"word": "I'd", "start": 7.813, "end": 7.953, "score": 0.534}, {"word": "be", "start": 7.973, "end": 8.053, "score": 0.917}, {"word": "happy", "start": 8.093, "end": 8.333, "score": 0.86}, {"word": "to", "start": 8.353, "end": 8.393, "score": 0.382}, {"word": "take", "start": 8.453, "end": 8.633, "score": 0.946}, {"word": "care", "start": 8.673, "end": 8.833, "score": 0.821}, {"word": "of", "start": 8.853, "end": 8.913, "score": 0.74}, {"word": "your", "start": 8.953, "end": 9.093, "score": 0.85}, {"word": "order.", "start": 9.173, "end": 9.374, "score": 0.902}]}, {"start": 9.414, "end": 11.175, "text": "May I have your name, please?", "words": [{"word": "May", "start": 9.414, "end": 9.534, "score": 0.95}, {"word": "I", "start": 9.554, "end": 9.574, "score": 0.0}, {"word": "have", "start": 9.594, "end": 9.754, "score": 0.817}, {"word": "your", "start": 9.794, "end": 9.934, "score": 0.772}, {"word": "name,", "start": 9.974, "end": 10.194, "score": 0.958}, {"word": "please?", "start": 10.254, "end": 10.574, "score": 0.891}]}, {"start": 11.175, "end": 12.636, "text": "Randall Thomas.", "words": [{"word": "Randall", "start": 11.175, "end": 11.575, "score": 0.702}, {"word": "Thomas.", "start": 11.815, "end": 11.995, "score": 0.311}]}, {"start": 12.636, "end": 15.598, "text": "Randall Thomas, can you spell that for me?", "words": [{"word": "Randall", "start": 12.636, "end": 13.136, "score": 0.797}, {"word": "Thomas,", "start": 13.196, "end": 13.656, "score": 0.863}, {"word": "can", "start": 13.736, "end": 13.876, "score": 0.953}, {"word": "you", "start": 13.917, "end": 14.037, "score": 0.838}, {"word": "spell", "start": 14.057, "end": 14.357, "score": 0.557}, {"word": "that", "start": 14.377, "end": 14.537, "score": 0.546}, {"word": "for", "start": 14.577, "end": 14.737, "score": 0.823}, {"word": "me?", "start": 14.777, "end": 14.917, "score": 0.869}]}, {"start": 15.598, "end": 22.802, "text": "Randall, R-A-N-D-A-L-L, Thomas, D-H-O-M-A-N.", "words": [{"word": "Randall,", "start": 15.598, "end": 16.038, "score": 0.826}, {"word": "R-A-N-D-A-L-L,", "start": 16.758, "end": 18.72, "score": 0.586}, {"word": "Thomas,", "start": 19.6, "end": 20.02, "score": 0.475}, {"word": "D-H-O-M-A-N.", "start": 20.641, "end": 22.002, "score": 0.638}]}, {"start": 22.802, "end": 24.403, "text": "Thank you for that information, Randall.", "words": [{"word": "Thank", "start": 22.802, "end": 22.922, "score": 0.644}, {"word": "you", "start": 22.942, "end": 23.042, "score": 0.442}, {"word": "for", "start": 23.062, "end": 23.162, "score": 0.884}, {"word": "that", "start": 23.203, "end": 23.343, "score": 0.905}, {"word": "information,", "start": 23.403, "end": 23.943, "score": 0.891}, {"word": "Randall.", "start": 24.023, "end": 24.363, "score": 0.841}]}, {"start": 24.403, "end": 27.485, "text": "May I have your home or office number area code first?", "words": [{"word": "May", "start": 24.403, "end": 24.523, "score": 0.941}, {"word": "I", "start": 24.543, "end": 24.563, "score": 0.0}, {"word": "have", "start": 24.583, "end": 24.764, "score": 0.724}, {"word": "your", "start": 24.804, "end": 24.964, "score": 0.856}, {"word": "home", "start": 25.004, "end": 25.184, "score": 0.939}, {"word": "or", "start": 25.244, "end": 25.324, "score": 0.862}, {"word": "office", "start": 25.444, "end": 25.784, "score": 0.793}, {"word": "number", "start": 25.844, "end": 26.124, "score": 0.814}, {"word": "area", "start": 26.224, "end": 26.445, "score": 0.746}, {"word": "code", "start": 26.485, "end": 26.745, "score": 0.654}, {"word": "first?", "start": 26.825, "end": 27.145, "score": 0.914}]}, {"start": 27.485, "end": 28.586, "text": "Area code 409, then five.", "words": [{"word": "Area", "start": 27.485, "end": 27.645, "score": 0.4}, {"word": "code", "start": 27.705, "end": 27.886, "score": 0.623}, {"word": "409,"}, {"word": "then", "start": 27.966, "end": 28.286, "score": 0.381}, {"word": "five.", "start": 28.326, "end": 28.586, "score": 0.51}]}, {"start": 33.59, "end": 34.37, "text": " 866-8088.", "words": [{"word": "866-8088.", "start": 33.59, "end": 33.79, "score": 0.719}]}, {"start": 34.37, "end": 35.731, "text": "That's 409-866-5088.", "words": [{"word": "That's", "start": 34.37, "end": 34.61, "score": 0.876}, {"word": "409-866-5088.", "start": 34.63, "end": 35.711, "score": 0.668}]}, {"start": 35.731, "end": 41.194, "text": "Do you have a fax number or email address?", "words": [{"word": "Do", "start": 35.731, "end": 35.771, "score": 0.0}, {"word": "you", "start": 37.252, "end": 37.552, "score": 0.578}, {"word": "have", "start": 38.072, "end": 38.673, "score": 0.821}, {"word": "a", "start": 38.753, "end": 38.793, "score": 0.128}, {"word": "fax", "start": 38.873, "end": 39.193, "score": 0.752}, {"word": "number", "start": 39.253, "end": 39.553, "score": 0.872}, {"word": "or", "start": 39.633, "end": 39.733, "score": 0.733}, {"word": "email", "start": 39.853, "end": 40.114, "score": 0.611}, {"word": "address?", "start": 40.234, "end": 40.614, "score": 0.839}]}, {"start": 41.194, "end": 47.038, "text": "My email is randall.thomasatgmail.com.", "words": [{"word": "My", "start": 41.194, "end": 41.535, "score": 0.738}, {"word": "email", "start": 41.575, "end": 41.795, "score": 0.31}, {"word": "is", "start": 41.815, "end": 41.855, "score": 0.08}, {"word": "randall.thomasatgmail.com.", "start": 41.995, "end": 46.277, "score": 0.764}]}, {"start": 47.038, "end": 50.14, "text": "Randall.thomasatgmail.com.", "words": [{"word": "Randall.thomasatgmail.com.", "start": 47.038, "end": 50.08, "score": 0.851}]}, {"start": 50.14, "end": 52.961, "text": "May have your shipping address?", "words": [{"word": "May", "start": 50.14, "end": 50.32, "score": 0.876}, {"word": "have", "start": 50.36, "end": 50.52, "score": 0.912}, {"word": "your", "start": 50.56, "end": 50.7, "score": 0.97}, {"word": "shipping", "start": 50.74, "end": 51.1, "score": 0.942}, {"word": "address?", "start": 51.22, "end": 51.641, "score": 0.83}]}, {"start": 52.961, "end": 53.382, "text": "6800.", "words": [{"word": "6800."}]}, {"start": 53.382, "end": 54.402, "text": "Okay.", "words": [{"word": "Okay.", "start": 53.382, "end": 53.782, "score": 0.671}]}, {"start": 54.402, "end": 58.205, "text": "Gladys Avenue, Salmon, Texas.", "words": [{"word": "Gladys", "start": 54.402, "end": 54.722, "score": 0.428}, {"word": "Avenue,", "start": 54.843, "end": 55.243, "score": 0.66}, {"word": "Salmon,", "start": 56.163, "end": 56.684, "score": 0.697}, {"word": "Texas.", "start": 56.744, "end": 57.244, "score": 0.662}]}, {"start": 58.205, "end": 58.785, "text": "Lift coded.", "words": [{"word": "Lift", "start": 58.205, "end": 58.385, "score": 0.388}, {"word": "coded.", "start": 58.465, "end": 58.785, "score": 0.641}]}, {"start": 60.992, "end": 66.877, "text": " 7706 Gladys Avenue Beaumont, Texas zip code 7706.", "words": [{"word": "7706"}, {"word": "Gladys", "start": 61.672, "end": 62.052, "score": 0.713}, {"word": "Avenue", "start": 62.173, "end": 62.533, "score": 0.846}, {"word": "Beaumont,", "start": 62.633, "end": 63.153, "score": 0.884}, {"word": "Texas", "start": 63.334, "end": 63.834, "score": 0.801}, {"word": "zip", "start": 63.994, "end": 64.535, "score": 0.801}, {"word": "code", "start": 64.635, "end": 65.315, "score": 0.587}, {"word": "7706."}]}, {"start": 66.877, "end": 68.478, "text": "Thank you for the information.", "words": [{"word": "Thank", "start": 66.877, "end": 67.037, "score": 0.929}, {"word": "you", "start": 67.077, "end": 67.177, "score": 0.576}, {"word": "for", "start": 67.197, "end": 67.297, "score": 0.899}, {"word": "the", "start": 67.317, "end": 67.377, "score": 0.88}, {"word": "information.", "start": 67.437, "end": 68.158, "score": 0.915}]}, {"start": 68.478, "end": 71.261, "text": "What products were you interested in purchasing?", "words": [{"word": "What", "start": 68.478, "end": 68.638, "score": 0.862}, {"word": "products", "start": 68.678, "end": 69.019, "score": 0.898}, {"word": "were", "start": 69.059, "end": 69.179, "score": 0.532}, {"word": "you", "start": 69.199, "end": 69.259, "score": 0.044}, {"word": "interested", "start": 69.279, "end": 69.779, "score": 0.77}, {"word": "in", "start": 69.859, "end": 69.919, "score": 0.854}, {"word": "purchasing?", "start": 69.96, "end": 70.5, "score": 0.853}]}, {"start": 71.261, "end": 74.103, "text": "Red roses, probably a dozen.", "words": [{"word": "Red", "start": 71.261, "end": 71.441, "score": 0.639}, {"word": "roses,", "start": 71.481, "end": 71.981, "score": 0.805}, {"word": "probably", "start": 72.121, "end": 72.462, "score": 0.436}, {"word": "a", "start": 72.482, "end": 72.542, "score": 0.586}, {"word": "dozen.", "start": 72.582, "end": 72.802, "score": 0.354}]}, {"start": 74.103, "end": 76.966, "text": "One dozen of red roses, do you want long stems?", "words": [{"word": "One", "start": 74.103, "end": 74.223, "score": 0.651}, {"word": "dozen", "start": 74.263, "end": 74.584, "score": 0.676}, {"word": "of", "start": 74.644, "end": 74.704, "score": 0.3}, {"word": "red", "start": 74.764, "end": 74.924, "score": 0.857}, {"word": "roses,", "start": 74.984, "end": 75.404, "score": 0.877}, {"word": "do", "start": 75.424, "end": 75.524, "score": 0.883}, {"word": "you", "start": 75.544, "end": 75.645, "score": 0.877}, {"word": "want", "start": 75.685, "end": 75.865, "score": 0.621}, {"word": "long", "start": 75.945, "end": 76.185, "score": 0.934}, {"word": "stems?", "start": 76.205, "end": 76.625, "score": 0.819}]}, {"start": 76.966, "end": 77.787, "text": "Sure.", "words": [{"word": "Sure.", "start": 76.966, "end": 77.206, "score": 0.8}]}, {"start": 77.787, "end": 80.249, "text": "Alright, Randall, let me process the order.", "words": [{"word": "Alright,", "start": 77.787, "end": 78.187, "score": 0.799}, {"word": "Randall,", "start": 78.367, "end": 78.727, "score": 0.784}, {"word": "let", "start": 79.028, "end": 79.148, "score": 0.836}, {"word": "me", "start": 79.168, "end": 79.268, "score": 0.752}, {"word": "process", "start": 79.308, "end": 79.668, "score": 0.856}, {"word": "the", "start": 79.708, "end": 79.828, "score": 0.619}, {"word": "order.", "start": 79.908, "end": 80.129, "score": 0.719}]}, {"start": 80.249, "end": 82.591, "text": "One moment please.", "words": [{"word": "One", "start": 80.249, "end": 80.349, "score": 0.687}, {"word": "moment", "start": 80.389, "end": 80.669, "score": 0.883}, {"word": "please.", "start": 80.729, "end": 81.069, "score": 0.942}]}, {"start": 82.591, "end": 82.831, "text": "Okay.", "words": [{"word": "Okay.", "start": 82.591, "end": 82.831, "score": 0.387}]}, {"start": 85.172, "end": 93.76, "text": " Randomly you're ordering one dozen long-stent red roses, the total amount of your order is $40, and it will be shipped to your address within 24 hours.", "words": [{"word": "Randomly", "start": 85.172, "end": 85.532, "score": 0.582}, {"word": "you're", "start": 85.572, "end": 85.753, "score": 0.621}, {"word": "ordering", "start": 85.853, "end": 86.193, "score": 0.895}, {"word": "one", "start": 86.353, "end": 86.493, "score": 0.866}, {"word": "dozen", "start": 86.573, "end": 86.974, "score": 0.936}, {"word": "long-stent", "start": 87.034, "end": 87.654, "score": 0.883}, {"word": "red", "start": 87.794, "end": 87.975, "score": 0.963}, {"word": "roses,", "start": 88.055, "end": 88.495, "score": 0.862}, {"word": "the", "start": 88.555, "end": 88.675, "score": 0.793}, {"word": "total", "start": 88.715, "end": 88.976, "score": 0.74}, {"word": "amount", "start": 89.016, "end": 89.216, "score": 0.958}, {"word": "of", "start": 89.236, "end": 89.276, "score": 0.984}, {"word": "your", "start": 89.316, "end": 89.436, "score": 0.888}, {"word": "order", "start": 89.516, "end": 90.177, "score": 0.821}, {"word": "is", "start": 90.317, "end": 90.617, "score": 0.389}, {"word": "$40,"}, {"word": "and", "start": 91.078, "end": 91.158, "score": 0.938}, {"word": "it", "start": 91.198, "end": 91.258, "score": 0.896}, {"word": "will", "start": 91.298, "end": 91.458, "score": 0.873}, {"word": "be", "start": 91.478, "end": 91.558, "score": 0.838}, {"word": "shipped", "start": 91.598, "end": 91.898, "score": 0.739}, {"word": "to", "start": 91.998, "end": 92.118, "score": 0.974}, {"word": "your", "start": 92.138, "end": 92.279, "score": 0.755}, {"word": "address", "start": 92.359, "end": 92.659, "score": 0.926}, {"word": "within", "start": 92.679, "end": 93.179, "score": 0.6}, {"word": "24"}, {"word": "hours.", "start": 93.42, "end": 93.74, "score": 0.849}]}, {"start": 93.76, "end": 96.943, "text": "I will soon be delivering my roses again.", "words": [{"word": "I", "start": 93.76, "end": 93.78, "score": 0.0}, {"word": "will", "start": 94.321, "end": 94.521, "score": 0.52}, {"word": "soon", "start": 94.541, "end": 94.741, "score": 0.461}, {"word": "be", "start": 94.761, "end": 94.961, "score": 0.641}, {"word": "delivering", "start": 94.981, "end": 95.381, "score": 0.376}, {"word": "my", "start": 95.402, "end": 95.522, "score": 0.506}, {"word": "roses", "start": 95.542, "end": 95.762, "score": 0.45}, {"word": "again.", "start": 96.202, "end": 96.483, "score": 0.652}]}, {"start": 96.943, "end": 98.124, "text": "Within 24 hours.", "words": [{"word": "Within", "start": 96.943, "end": 97.503, "score": 0.598}, {"word": "24"}, {"word": "hours.", "start": 97.744, "end": 98.104, "score": 0.857}]}, {"start": 98.124, "end": 100.286, "text": "Okay, no problem.", "words": [{"word": "Okay,", "start": 98.124, "end": 99.105, "score": 0.488}, {"word": "no", "start": 99.145, "end": 99.265, "score": 0.71}, {"word": "problem.", "start": 99.285, "end": 99.565, "score": 0.491}]}, {"start": 100.286, "end": 102.788, "text": "Is there anything else I can help you with?", "words": [{"word": "Is", "start": 100.286, "end": 100.326, "score": 0.733}, {"word": "there", "start": 100.346, "end": 100.506, "score": 0.324}, {"word": "anything", "start": 100.526, "end": 100.786, "score": 0.924}, {"word": "else", "start": 100.887, "end": 101.067, "score": 0.609}, {"word": "I", "start": 101.107, "end": 101.167, "score": 0.868}, {"word": "can", "start": 101.187, "end": 101.307, "score": 0.931}, {"word": "help", "start": 101.347, "end": 101.487, "score": 0.98}, {"word": "you", "start": 101.527, "end": 101.627, "score": 0.869}, {"word": "with?", "start": 101.647, "end": 101.847, "score": 0.903}]}, {"start": 102.788, "end": 104.43, "text": "That's all for now, thanks.", "words": [{"word": "That's", "start": 102.788, "end": 102.928, "score": 0.223}, {"word": "all", "start": 103.009, "end": 103.129, "score": 0.35}, {"word": "for", "start": 103.169, "end": 103.269, "score": 0.6}, {"word": "now,", "start": 103.309, "end": 103.549, "score": 0.605}, {"word": "thanks.", "start": 103.589, "end": 103.789, "score": 0.306}]}, {"start": 104.43, "end": 105.471, "text": "No problem, Randall.", "words": [{"word": "No", "start": 104.43, "end": 104.57, "score": 0.95}, {"word": "problem,", "start": 104.61, "end": 104.95, "score": 0.782}, {"word": "Randall.", "start": 105.01, "end": 105.451, "score": 0.79}]}, {"start": 105.471, "end": 107.052, "text": "Thank you for calling Martha's Floor.", "words": [{"word": "Thank", "start": 105.471, "end": 105.571, "score": 0.926}, {"word": "you", "start": 105.591, "end": 105.691, "score": 0.84}, {"word": "for", "start": 105.711, "end": 105.811, "score": 0.949}, {"word": "calling", "start": 105.851, "end": 106.131, "score": 0.89}, {"word": "Martha's", "start": 106.171, "end": 106.532, "score": 0.815}, {"word": "Floor.", "start": 106.592, "end": 106.992, "score": 0.779}]}, {"start": 107.052, "end": 107.733, "text": "Have a nice day.", "words": [{"word": "Have", "start": 107.052, "end": 107.172, "score": 0.774}, {"word": "a", "start": 107.212, "end": 107.272, "score": 0.709}, {"word": "nice", "start": 107.292, "end": 107.473, "score": 0.786}, {"word": "day.", "start": 107.533, "end": 107.733, "score": 0.877}]}], "word_segments": [{"word": "Thank", "start": 0.788, "end": 0.908, "score": 0.639}, {"word": "you", "start": 0.928, "end": 1.028, "score": 0.419}, {"word": "for", "start": 1.048, "end": 1.148, "score": 0.506}, {"word": "calling", "start": 1.168, "end": 1.448, "score": 0.918}, {"word": "Martha's", "start": 1.488, "end": 1.869, "score": 0.781}, {"word": "flowers.", "start": 1.949, "end": 2.369, "score": 0.729}, {"word": "Tell", "start": 2.449, "end": 2.689, "score": 0.393}, {"word": "them", "start": 2.709, "end": 2.889, "score": 0.227}, {"word": "to", "start": 2.909, "end": 2.969, "score": 0.294}, {"word": "assist", "start": 2.989, "end": 3.19, "score": 0.496}, {"word": "you.", "start": 3.25, "end": 3.35, "score": 0.344}, {"word": "Hello,", "start": 3.37, "end": 4.03, "score": 0.62}, {"word": "I'd", "start": 4.07, "end": 4.19, "score": 0.671}, {"word": "like", "start": 4.25, "end": 4.47, "score": 0.89}, {"word": "to", "start": 4.49, "end": 4.53, "score": 0.321}, {"word": "order", "start": 4.691, "end": 4.951, "score": 0.818}, {"word": "flowers,", "start": 5.011, "end": 5.551, "score": 0.785}, {"word": "and", "start": 5.631, "end": 5.711, "score": 0.753}, {"word": "I", "start": 5.771, "end": 5.831, "score": 0.97}, {"word": "think", "start": 5.891, "end": 6.071, "score": 0.698}, {"word": "you", "start": 6.091, "end": 6.212, "score": 0.875}, {"word": "have", "start": 6.252, "end": 6.372, "score": 0.956}, {"word": "what", "start": 6.412, "end": 6.572, "score": 0.822}, {"word": "I'm", "start": 6.612, "end": 6.712, "score": 0.613}, {"word": "looking", "start": 6.732, "end": 7.012, "score": 0.89}, {"word": "for.", "start": 7.032, "end": 7.212, "score": 0.722}, {"word": "I'd", "start": 7.813, "end": 7.953, "score": 0.534}, {"word": "be", "start": 7.973, "end": 8.053, "score": 0.917}, {"word": "happy", "start": 8.093, "end": 8.333, "score": 0.86}, {"word": "to", "start": 8.353, "end": 8.393, "score": 0.382}, {"word": "take", "start": 8.453, "end": 8.633, "score": 0.946}, {"word": "care", "start": 8.673, "end": 8.833, "score": 0.821}, {"word": "of", "start": 8.853, "end": 8.913, "score": 0.74}, {"word": "your", "start": 8.953, "end": 9.093, "score": 0.85}, {"word": "order.", "start": 9.173, "end": 9.374, "score": 0.902}, {"word": "May", "start": 9.414, "end": 9.534, "score": 0.95}, {"word": "I", "start": 9.554, "end": 9.574, "score": 0.0}, {"word": "have", "start": 9.594, "end": 9.754, "score": 0.817}, {"word": "your", "start": 9.794, "end": 9.934, "score": 0.772}, {"word": "name,", "start": 9.974, "end": 10.194, "score": 0.958}, {"word": "please?", "start": 10.254, "end": 10.574, "score": 0.891}, {"word": "Randall", "start": 11.175, "end": 11.575, "score": 0.702}, {"word": "Thomas.", "start": 11.815, "end": 11.995, "score": 0.311}, {"word": "Randall", "start": 12.636, "end": 13.136, "score": 0.797}, {"word": "Thomas,", "start": 13.196, "end": 13.656, "score": 0.863}, {"word": "can", "start": 13.736, "end": 13.876, "score": 0.953}, {"word": "you", "start": 13.917, "end": 14.037, "score": 0.838}, {"word": "spell", "start": 14.057, "end": 14.357, "score": 0.557}, {"word": "that", "start": 14.377, "end": 14.537, "score": 0.546}, {"word": "for", "start": 14.577, "end": 14.737, "score": 0.823}, {"word": "me?", "start": 14.777, "end": 14.917, "score": 0.869}, {"word": "Randall,", "start": 15.598, "end": 16.038, "score": 0.826}, {"word": "R-A-N-D-A-L-L,", "start": 16.758, "end": 18.72, "score": 0.586}, {"word": "Thomas,", "start": 19.6, "end": 20.02, "score": 0.475}, {"word": "D-H-O-M-A-N.", "start": 20.641, "end": 22.002, "score": 0.638}, {"word": "Thank", "start": 22.802, "end": 22.922, "score": 0.644}, {"word": "you", "start": 22.942, "end": 23.042, "score": 0.442}, {"word": "for", "start": 23.062, "end": 23.162, "score": 0.884}, {"word": "that", "start": 23.203, "end": 23.343, "score": 0.905}, {"word": "information,", "start": 23.403, "end": 23.943, "score": 0.891}, {"word": "Randall.", "start": 24.023, "end": 24.363, "score": 0.841}, {"word": "May", "start": 24.403, "end": 24.523, "score": 0.941}, {"word": "I", "start": 24.543, "end": 24.563, "score": 0.0}, {"word": "have", "start": 24.583, "end": 24.764, "score": 0.724}, {"word": "your", "start": 24.804, "end": 24.964, "score": 0.856}, {"word": "home", "start": 25.004, "end": 25.184, "score": 0.939}, {"word": "or", "start": 25.244, "end": 25.324, "score": 0.862}, {"word": "office", "start": 25.444, "end": 25.784, "score": 0.793}, {"word": "number", "start": 25.844, "end": 26.124, "score": 0.814}, {"word": "area", "start": 26.224, "end": 26.445, "score": 0.746}, {"word": "code", "start": 26.485, "end": 26.745, "score": 0.654}, {"word": "first?", "start": 26.825, "end": 27.145, "score": 0.914}, {"word": "Area", "start": 27.485, "end": 27.645, "score": 0.4}, {"word": "code", "start": 27.705, "end": 27.886, "score": 0.623}, {"word": "409,"}, {"word": "then", "start": 27.966, "end": 28.286, "score": 0.381}, {"word": "five.", "start": 28.326, "end": 28.586, "score": 0.51}, {"word": "866-8088.", "start": 33.59, "end": 33.79, "score": 0.719}, {"word": "That's", "start": 34.37, "end": 34.61, "score": 0.876}, {"word": "409-866-5088.", "start": 34.63, "end": 35.711, "score": 0.668}, {"word": "Do", "start": 35.731, "end": 35.771, "score": 0.0}, {"word": "you", "start": 37.252, "end": 37.552, "score": 0.578}, {"word": "have", "start": 38.072, "end": 38.673, "score": 0.821}, {"word": "a", "start": 38.753, "end": 38.793, "score": 0.128}, {"word": "fax", "start": 38.873, "end": 39.193, "score": 0.752}, {"word": "number", "start": 39.253, "end": 39.553, "score": 0.872}, {"word": "or", "start": 39.633, "end": 39.733, "score": 0.733}, {"word": "email", "start": 39.853, "end": 40.114, "score": 0.611}, {"word": "address?", "start": 40.234, "end": 40.614, "score": 0.839}, {"word": "My", "start": 41.194, "end": 41.535, "score": 0.738}, {"word": "email", "start": 41.575, "end": 41.795, "score": 0.31}, {"word": "is", "start": 41.815, "end": 41.855, "score": 0.08}, {"word": "randall.thomasatgmail.com.", "start": 41.995, "end": 46.277, "score": 0.764}, {"word": "Randall.thomasatgmail.com.", "start": 47.038, "end": 50.08, "score": 0.851}, {"word": "May", "start": 50.14, "end": 50.32, "score": 0.876}, {"word": "have", "start": 50.36, "end": 50.52, "score": 0.912}, {"word": "your", "start": 50.56, "end": 50.7, "score": 0.97}, {"word": "shipping", "start": 50.74, "end": 51.1, "score": 0.942}, {"word": "address?", "start": 51.22, "end": 51.641, "score": 0.83}, {"word": "6800."}, {"word": "Okay.", "start": 53.382, "end": 53.782, "score": 0.671}, {"word": "Gladys", "start": 54.402, "end": 54.722, "score": 0.428}, {"word": "Avenue,", "start": 54.843, "end": 55.243, "score": 0.66}, {"word": "Salmon,", "start": 56.163, "end": 56.684, "score": 0.697}, {"word": "Texas.", "start": 56.744, "end": 57.244, "score": 0.662}, {"word": "Lift", "start": 58.205, "end": 58.385, "score": 0.388}, {"word": "coded.", "start": 58.465, "end": 58.785, "score": 0.641}, {"word": "7706"}, {"word": "Gladys", "start": 61.672, "end": 62.052, "score": 0.713}, {"word": "Avenue", "start": 62.173, "end": 62.533, "score": 0.846}, {"word": "Beaumont,", "start": 62.633, "end": 63.153, "score": 0.884}, {"word": "Texas", "start": 63.334, "end": 63.834, "score": 0.801}, {"word": "zip", "start": 63.994, "end": 64.535, "score": 0.801}, {"word": "code", "start": 64.635, "end": 65.315, "score": 0.587}, {"word": "7706."}, {"word": "Thank", "start": 66.877, "end": 67.037, "score": 0.929}, {"word": "you", "start": 67.077, "end": 67.177, "score": 0.576}, {"word": "for", "start": 67.197, "end": 67.297, "score": 0.899}, {"word": "the", "start": 67.317, "end": 67.377, "score": 0.88}, {"word": "information.", "start": 67.437, "end": 68.158, "score": 0.915}, {"word": "What", "start": 68.478, "end": 68.638, "score": 0.862}, {"word": "products", "start": 68.678, "end": 69.019, "score": 0.898}, {"word": "were", "start": 69.059, "end": 69.179, "score": 0.532}, {"word": "you", "start": 69.199, "end": 69.259, "score": 0.044}, {"word": "interested", "start": 69.279, "end": 69.779, "score": 0.77}, {"word": "in", "start": 69.859, "end": 69.919, "score": 0.854}, {"word": "purchasing?", "start": 69.96, "end": 70.5, "score": 0.853}, {"word": "Red", "start": 71.261, "end": 71.441, "score": 0.639}, {"word": "roses,", "start": 71.481, "end": 71.981, "score": 0.805}, {"word": "probably", "start": 72.121, "end": 72.462, "score": 0.436}, {"word": "a", "start": 72.482, "end": 72.542, "score": 0.586}, {"word": "dozen.", "start": 72.582, "end": 72.802, "score": 0.354}, {"word": "One", "start": 74.103, "end": 74.223, "score": 0.651}, {"word": "dozen", "start": 74.263, "end": 74.584, "score": 0.676}, {"word": "of", "start": 74.644, "end": 74.704, "score": 0.3}, {"word": "red", "start": 74.764, "end": 74.924, "score": 0.857}, {"word": "roses,", "start": 74.984, "end": 75.404, "score": 0.877}, {"word": "do", "start": 75.424, "end": 75.524, "score": 0.883}, {"word": "you", "start": 75.544, "end": 75.645, "score": 0.877}, {"word": "want", "start": 75.685, "end": 75.865, "score": 0.621}, {"word": "long", "start": 75.945, "end": 76.185, "score": 0.934}, {"word": "stems?", "start": 76.205, "end": 76.625, "score": 0.819}, {"word": "Sure.", "start": 76.966, "end": 77.206, "score": 0.8}, {"word": "Alright,", "start": 77.787, "end": 78.187, "score": 0.799}, {"word": "Randall,", "start": 78.367, "end": 78.727, "score": 0.784}, {"word": "let", "start": 79.028, "end": 79.148, "score": 0.836}, {"word": "me", "start": 79.168, "end": 79.268, "score": 0.752}, {"word": "process", "start": 79.308, "end": 79.668, "score": 0.856}, {"word": "the", "start": 79.708, "end": 79.828, "score": 0.619}, {"word": "order.", "start": 79.908, "end": 80.129, "score": 0.719}, {"word": "One", "start": 80.249, "end": 80.349, "score": 0.687}, {"word": "moment", "start": 80.389, "end": 80.669, "score": 0.883}, {"word": "please.", "start": 80.729, "end": 81.069, "score": 0.942}, {"word": "Okay.", "start": 82.591, "end": 82.831, "score": 0.387}, {"word": "Randomly", "start": 85.172, "end": 85.532, "score": 0.582}, {"word": "you're", "start": 85.572, "end": 85.753, "score": 0.621}, {"word": "ordering", "start": 85.853, "end": 86.193, "score": 0.895}, {"word": "one", "start": 86.353, "end": 86.493, "score": 0.866}, {"word": "dozen", "start": 86.573, "end": 86.974, "score": 0.936}, {"word": "long-stent", "start": 87.034, "end": 87.654, "score": 0.883}, {"word": "red", "start": 87.794, "end": 87.975, "score": 0.963}, {"word": "roses,", "start": 88.055, "end": 88.495, "score": 0.862}, {"word": "the", "start": 88.555, "end": 88.675, "score": 0.793}, {"word": "total", "start": 88.715, "end": 88.976, "score": 0.74}, {"word": "amount", "start": 89.016, "end": 89.216, "score": 0.958}, {"word": "of", "start": 89.236, "end": 89.276, "score": 0.984}, {"word": "your", "start": 89.316, "end": 89.436, "score": 0.888}, {"word": "order", "start": 89.516, "end": 90.177, "score": 0.821}, {"word": "is", "start": 90.317, "end": 90.617, "score": 0.389}, {"word": "$40,"}, {"word": "and", "start": 91.078, "end": 91.158, "score": 0.938}, {"word": "it", "start": 91.198, "end": 91.258, "score": 0.896}, {"word": "will", "start": 91.298, "end": 91.458, "score": 0.873}, {"word": "be", "start": 91.478, "end": 91.558, "score": 0.838}, {"word": "shipped", "start": 91.598, "end": 91.898, "score": 0.739}, {"word": "to", "start": 91.998, "end": 92.118, "score": 0.974}, {"word": "your", "start": 92.138, "end": 92.279, "score": 0.755}, {"word": "address", "start": 92.359, "end": 92.659, "score": 0.926}, {"word": "within", "start": 92.679, "end": 93.179, "score": 0.6}, {"word": "24"}, {"word": "hours.", "start": 93.42, "end": 93.74, "score": 0.849}, {"word": "I", "start": 93.76, "end": 93.78, "score": 0.0}, {"word": "will", "start": 94.321, "end": 94.521, "score": 0.52}, {"word": "soon", "start": 94.541, "end": 94.741, "score": 0.461}, {"word": "be", "start": 94.761, "end": 94.961, "score": 0.641}, {"word": "delivering", "start": 94.981, "end": 95.381, "score": 0.376}, {"word": "my", "start": 95.402, "end": 95.522, "score": 0.506}, {"word": "roses", "start": 95.542, "end": 95.762, "score": 0.45}, {"word": "again.", "start": 96.202, "end": 96.483, "score": 0.652}, {"word": "Within", "start": 96.943, "end": 97.503, "score": 0.598}, {"word": "24"}, {"word": "hours.", "start": 97.744, "end": 98.104, "score": 0.857}, {"word": "Okay,", "start": 98.124, "end": 99.105, "score": 0.488}, {"word": "no", "start": 99.145, "end": 99.265, "score": 0.71}, {"word": "problem.", "start": 99.285, "end": 99.565, "score": 0.491}, {"word": "Is", "start": 100.286, "end": 100.326, "score": 0.733}, {"word": "there", "start": 100.346, "end": 100.506, "score": 0.324}, {"word": "anything", "start": 100.526, "end": 100.786, "score": 0.924}, {"word": "else", "start": 100.887, "end": 101.067, "score": 0.609}, {"word": "I", "start": 101.107, "end": 101.167, "score": 0.868}, {"word": "can", "start": 101.187, "end": 101.307, "score": 0.931}, {"word": "help", "start": 101.347, "end": 101.487, "score": 0.98}, {"word": "you", "start": 101.527, "end": 101.627, "score": 0.869}, {"word": "with?", "start": 101.647, "end": 101.847, "score": 0.903}, {"word": "That's", "start": 102.788, "end": 102.928, "score": 0.223}, {"word": "all", "start": 103.009, "end": 103.129, "score": 0.35}, {"word": "for", "start": 103.169, "end": 103.269, "score": 0.6}, {"word": "now,", "start": 103.309, "end": 103.549, "score": 0.605}, {"word": "thanks.", "start": 103.589, "end": 103.789, "score": 0.306}, {"word": "No", "start": 104.43, "end": 104.57, "score": 0.95}, {"word": "problem,", "start": 104.61, "end": 104.95, "score": 0.782}, {"word": "Randall.", "start": 105.01, "end": 105.451, "score": 0.79}, {"word": "Thank", "start": 105.471, "end": 105.571, "score": 0.926}, {"word": "you", "start": 105.591, "end": 105.691, "score": 0.84}, {"word": "for", "start": 105.711, "end": 105.811, "score": 0.949}, {"word": "calling", "start": 105.851, "end": 106.131, "score": 0.89}, {"word": "Martha's", "start": 106.171, "end": 106.532, "score": 0.815}, {"word": "Floor.", "start": 106.592, "end": 106.992, "score": 0.779}, {"word": "Have", "start": 107.052, "end": 107.172, "score": 0.774}, {"word": "a", "start": 107.212, "end": 107.272, "score": 0.709}, {"word": "nice", "start": 107.292, "end": 107.473, "score": 0.786}, {"word": "day.", "start": 107.533, "end": 107.733, "score": 0.877}]}